name,phone,address,website,rating,reviews,place_id,source
Air Dynamics HVAC Of South Jersey,(856) 503-8127,"29 Blue Jay Dr, Clementon, NJ 08021, USA",https://www.airdynamicshvacllc.com/,5,85,ChIJNcH-P-_TxokRGhGweT6JuyI,TextSearch(New)+Details(New)
D’Auria & Son Heating and Air,(856) 257-1092,"26 Evergreen Ave, Blackwood, NJ 08012, USA",https://dauriahvac.com/,5,345,ChIJNWQaEDXTxokRkTa8gCYzAEE,TextSearch(New)+Details(New)
Cocoxex HVAC Solutions Camden,(856) 699-2425,"1494 Mt Ephraim Ave, Camden, NJ 08104, USA",,5,10,ChIJgdscrXTJxokR0MAP1UHAFuM,TextSearch(New)+Details(New)
Heating and Cooling,(856) 417-9659,"2402 Federal St, Camden, NJ 08105, USA",,4.4,5,ChIJTYLHKg3LxokRemnA0FKMYJU,TextSearch(New)+Details(New)
Fresh Air Flow,(856) 263-3002,"2070 Springdale Rd Unit 200, Cherry Hill Township, NJ 08003, USA",https://freshairflowhvac.com/,4.9,617,ChIJ8wUu0ru1xokRdLo8Ay9Uy3I,TextSearch(New)+Details(New)
Andrew's Heating and Air,(856) 449-9288,"21 Norcross Rd, Gibbsboro, NJ 08026, USA",https://andrewshvacservices.com/,4.9,112,ChIJfYWmUMsywYkRVPevAq3SVjE,TextSearch(New)+Details(New)
Laury Heating Cooling & Plumbing,(856) 208-6125,"923 Haddonfield Rd, Cherry Hill Township, NJ 08002, USA",https://lauryheating.com/,5,51,ChIJPc_TSO31ta0RsRVSGVpvEdM,TextSearch(New)+Details(New)
"Professor Gatsby's Heating, Cooling & Plumbing",(856) 315-1651,"216 Cooper Rd, Berlin Township, NJ 08091, USA",http://www.profgatsby.com/,5,414,ChIJNxrDFnQzwYkR3VHRtmWJgUk,TextSearch(New)+Details(New)
"Hutchinson - Air Conditioning, Heating, Plumbing & Electrical",(856) 249-4700,"621 Chapel Ave E, Cherry Hill Township, NJ 08034, USA",https://www.hutchbiz.com/?utm_source=google&utm_medium=gbp&utm_campaign=HUT0100-WEB009-GBP&utm_crid=HUT0100_WEB009_204327559,4.7,3999,ChIJ0zlATDHLxokRHsbcttxpScg,TextSearch(New)+Details(New)
Heating & Air Conditioning,(856) 480-0605,"31-33 S Center St, Merchantville, NJ 08109, USA",,4.5,21,ChIJ8fk2YuvKxokRFwniocGDdQo,TextSearch(New)+Details(New)
"Dormann's Heating & Cooling, LLC",(856) 467-8500,"265 N Wolfert Station Rd, Mickleton, NJ 08056, USA",https://dormannsheatingandcooling.com/?utm_source=google-business-listing&utm_medium=organic&utm_campaign=website-button,4.9,426,ChIJ5TAF62rcxokR5tNiEocjjnU,TextSearch(New)+Details(New)
Breylin Heating & Air Conditioning,(856) 718-2786,"6 Andrews Ct, Berlin, NJ 08009, USA",https://www.breylinhvac.com/?utm_source=google&utm_medium=organic&utm_campaign=gmb_profile,5,53,ChIJc0NNBSwz5GgRM2nEWoOypXw,TextSearch(New)+Details(New)
"CBM Heating & Air Conditioning, LLC",(856) 767-0422,"37 Haddon Ave, West Berlin, NJ 08091, USA",https://www.cbmheatingandair.com/,4.9,334,ChIJ12azNWQtwYkRQoiufECkL1c,TextSearch(New)+Details(New)
Charles F Ober & Son Heating and Air Conditioning,(856) 429-2129,"404 S Burnt Mill Rd, Voorhees Township, NJ 08043, USA",https://www.oberhvac.com/,5,71,ChIJqQ0cyAXNxokRBmgBlrCAhIU,TextSearch(New)+Details(New)
Campbell Comfort Systems,(856) 214-8018,"1049 Kings Hwy, West Deptford, NJ 08086, USA",https://www.campbellcomfortsystems.com/?utm_source=google&utm_medium=gbp&utm_campaign=HUT0101-WEB009-GBP&utm_crid=HUT0101_WEB009_205620843,4.8,814,ChIJK4oRCePaxokRpHzapLIMOLE,TextSearch(New)+Details(New)
Cardwell HVAC & Plumbing,(856) 259-4860,"603 Kresson Rd #11, Cherry Hill Township, NJ 08034, USA",https://www.cardwellhvacnj.com/,4.9,1079,ChIJgbu-WxzMxokRj3EEbXiMzug,TextSearch(New)+Details(New)
"Maxie Heating & Cooling, LLC",(856) 423-1400,"175 W Cohawkin Rd, Clarksboro, NJ 08020, USA",https://www.maxieheating.com/,4.8,91,ChIJ37aiHXDbxokR6wvqta-bqZY,TextSearch(New)+Details(New)
James B Ryan Heating & AC Inc,(551) 363-5649,"1830 Federal St, Camden, NJ 08105, USA",,3,2,ChIJq6qqqqbJxokRLf1CCLMNQbQ,TextSearch(New)+Details(New)
E Carr Heating & Cooling,(856) 546-0172,"1321 Keswick Ave, Haddon Heights, NJ 08035, USA",,5,1,ChIJOa1T5pzOxokRYzHiCDTo_no,TextSearch(New)+Details(New)
Allied Experts Heating & Air Conditioning,(856) 528-2822,"100 Dobbs Ln, Cherry Hill Township, NJ 08034, USA",http://www.alliedexperts.com/?utm_source=GBP&utm_medium=organic,4.7,1753,ChIJFWJIDGLNxokRTaGyAcNtlt0,TextSearch(New)+Details(New)
Focus HVAC,(856) 344-2027,"7 Pennsylvania Ave, Stratford, NJ 08084, USA",http://www.focus-hvac.com/,4.9,346,ChIJNYkQ0ITNxokRtxkJNundBXU,TextSearch(New)+Details(New)
John's A-C & Heat,(856) 933-9300,"1369 Delsea Dr, Deptford, NJ 08096, USA",https://johnsac.com/,4.3,106,ChIJHZoIcbzKxokRLlMkUPp0apQ,TextSearch(New)+Details(New)
"Harris Plumbing, Heating, Air & Electrical",(856) 666-3497,"38 Cooper St #204, Woodbury, NJ 08096, USA",http://callharrisnow.com/?utm_source=google&utm_medium=gbp-nj&se_campaign=GBP%20-%20South%20Jersey,4.9,9559,ChIJDQSsmf7PxokRQoTsw4i1sm4,TextSearch(New)+Details(New)
"Jersey Boys Plumbing, Heating, and Air",(856) 888-4695,"227 S White Horse Pike, Audubon, NJ 08106, USA",https://jerseyboysplumbing.com/service-area/audubon/,4.8,437,ChIJp57phSHPxokRuHIwWEsQsUM,TextSearch(New)+Details(New)
Davis Heating & Air,(630) 538-8920,"1916 Old Cuthbert Rd Suite B21, Cherry Hill Township, NJ 08034, USA",https://davisheatingair.com/?utm_source=gbp&utm_medium=organic&utm_campaign=cherry_hill_gbp,4.9,1177,ChIJXcOD4szLxokRhD9aXNYYRYs,TextSearch(New)+Details(New)
Doctor HVACR Electrical & Plumbing,(856) 900-2260,"2060 Fairfax Ave Unit K, Cherry Hill Township, NJ 08003, USA",,5,19,ChIJk6lJUUjLxokR_SAIuwXnbAM,TextSearch(New)+Details(New)
Instant Services,(856) 618-6781,"177 S Black Horse Pike, Blackwood, NJ 08012, USA",https://instantservices.com/?utm_source=google&utm_medium=organic&utm_campaign=GMBListing-Blackwood-NJ,4.9,85,ChIJqft8Mapc20ERhSD4GTckjxw,TextSearch(New)+Details(New)
Tracy Comfort Solutions HVAC,(856) 580-1706,"111 Parry Rd, Cinnaminson, NJ 08077, USA",https://tracycomforthvac.com/,4.9,136,ChIJlX3Tz8w1wYkR1V5aeBqhzDE,TextSearch(New)+Details(New)
Mount Laurel Heating and Cooling,(856) 722-7003,"7 Sherwood Ave, Mt Laurel Township, NJ 08054, USA",https://www.mtlaurelhvac.com/,4.6,110,ChIJFcU0NdU0wYkR4IIdfzX0U5k,TextSearch(New)+Details(New)
CarrFord Heating & Air Conditioning,(856) 627-0815,"624 Clements Bridge Rd, Barrington, NJ 08007, USA",https://carrford.com/,4.6,27,ChIJmyAyuizMxokRBYj0UGbdcaQ,TextSearch(New)+Details(New)
Lamb Heating & Air Conditioning,(856) 217-4920,"1010 Rose Ave Unit D, Runnemede, NJ 08078, USA",https://lambhvac.com/?cid=glbc&utm_source=google&utm_medium=organic&utm,4.3,13,ChIJe178uZzPxokRQ47zqvghJIo,TextSearch(New)+Details(New)
Instant Air LLC,(856) 401-7737,"1423 Jarvis Rd, Sicklerville, NJ 08081, USA",https://instant-air.com/,4.5,26,ChIJ4zby2h_TxokRF8OOQt4U7p0,TextSearch(New)+Details(New)
"Professor Gatsby's Heating, Cooling & Plumbing",(856) 315-0007,"498 Radix Rd, Williamstown, NJ 08094, USA",https://www.profgatsby.com/,5,915,ChIJa7MQiVbVxokRuP75XqGKjsU,TextSearch(New)+Details(New)
McAllister Energy,(856) 665-4545,"7116 Park Ave, Pennsauken, NJ 08109, USA",https://www.mcallisterenergy.com/,4.9,197,ChIJ5b8XkjjKxokRtrhfsJtebqc,TextSearch(New)+Details(New)
Vaughan Comfort Services,(856) 627-0303,"212 Barrett Ave, Magnolia, NJ 08049, USA",https://www.vaughanhvac.com/?utm_source=google&utm_medium=organic&utm_campaign=gmb-listing,4.9,1141,ChIJXak097PNxokRK3C1NCRx_Sg,TextSearch(New)+Details(New)
"Alber Service Company (HVAC, Air sealing and Insulation) South Jersey",(856) 317-1750,"7300 N Crescent Blvd building 15, Pennsauken, NJ 08110, USA",http://www.alberservice.com/,4.9,407,ChIJ2SgQLjjKxokRvssTPUwbwqE,TextSearch(New)+Details(New)
G&G Mechanical contractors inc.,(856) 931-9231,"765 Devenney Dr, Bellmawr, NJ 08031, USA",http://gandgmechanical.com/,5,36,ChIJn_-7fKvPxokRW3uhBOGjoWQ,TextSearch(New)+Details(New)
SPS Mechanical Inc.,(856) 290-7318,"68 Paulsboro Rd #1, Woolwich Township, NJ 08085, USA",https://www.spsmechanical.com/?utm_source=gmb&utm_medium=organic,4.9,553,ChIJ-18H-WfexokRC96uy3f70Hs,TextSearch(New)+Details(New)
Atmostemp Service Experts,(856) 783-6600,"215 Old Egg Harbor Rd Ste B, West Berlin, NJ 08091, USA",https://www.atmostempheating.com/?utm_source=google-business-profile&utm_medium=organic&utm_campaign=business-listing&utm_content=atmostemp,4.9,1377,ChIJKwPUJ1ktwYkRKL5opoxv3Do,TextSearch(New)+Details(New)
A.M. Botte Residential & Commercial HVAC & Plumbing,(856) 699-5872,"630 Delsea Dr, Sewell, NJ 08080, USA",https://ambotte.com/?utm_source=gbp&utm_medium=organic&utm_campaign=sewell_gbp,4.9,746,ChIJmRu2FiDJxokRqf14v1mE-Tk,TextSearch(New)+Details(New)
Eugene Adams Heating And Air Conditioning,(856) 228-4363,"563 Berlin - Cross Keys Rd Unit B, Sicklerville, NJ 08081, USA",https://eugeneadams.com/,4.4,55,ChIJvw6YurjRxokRLku7UFjntto,TextSearch(New)+Details(New)
Alpha Mechanical Heating and Cooling,(609) 332-2900,"142 Tom Wells Rd, Berlin, NJ 08009, USA",http://www.myalphamechanical.com/,5,207,ChIJS2af_4pNwYkRBwtDxuOZ10w,TextSearch(New)+Details(New)
"JAMCO Heating & Air Conditioning, INC",(856) 597-3655,"1000 Delsea Dr bldg i-1, Deptford, NJ 08093, USA",http://www.jamcoheatingandair.com/?utm_source=google&utm_medium=organic&utm_campaign=GMBListing-Deptford-NJ,4.8,204,ChIJBTFnGIPJxokR_IB7w0ppmMg,TextSearch(New)+Details(New)
"LMS Heating, Ventilation, Air Conditioning and Refrigeration",(856) 906-8626,"76 Annapolis Dr, Sicklerville, NJ 08081, USA",,5,24,ChIJRUJf15CA_o4R7HEI1WkkNY0,TextSearch(New)+Details(New)
ALL American Plumbing Hvac LLC,(856) 696-3052,"1040 Industrial Dr STE 12, West Berlin, NJ 08091, USA",,4.6,247,ChIJM0YFVLUswYkRzk1hn_Hods8,TextSearch(New)+Details(New)
South Jersey Energy Service Plus,(800) 324-1049,"420 N 2nd Rd Unit 1, Hammonton, NJ 08037, USA",https://www.homeservesj.com/?utm_source=GBP&utm_medium=organic&utm_campaign=GBP-website,4.8,957,ChIJLRnXVMzXwIkRGsw8IOyj7YI,TextSearch(New)+Details(New)
"Richard's Heating & Cooling, LLC",(856) 371-3853,"408 Temple Ave, Woodbury Heights, NJ 08097, USA",https://www.facebook.com/richardsheatingandcooling/,4.2,20,ChIJ5wb86JvaxokR2GD7Rz_fJzQ,TextSearch(New)+Details(New)
Comfortworks Cooling and Heating,(800) 649-7669,"154 Cooper Rd STE 403, West Berlin, NJ 08091, USA",https://comfortworksllc.com/,4.9,106,ChIJEyl4SH4twYkRpM8Pj0sdReI,TextSearch(New)+Details(New)
"Horizon Services - Air Conditioning, Heating, Plumbing, & Electrical",(856) 754-5802,"17 Roland Ave, Mt Laurel Township, NJ 08054, USA",https://www.horizonservices.com/?utm_source=google&utm_medium=gbp&utm_campaign=HZN0400-WEB009-GBP&utm_crid=HZN0400_WEB009_3124903127,4.7,5844,ChIJhyU1Zs00wYkRJ4J_JKrPUYI,TextSearch(New)+Details(New)
Price's Plumbing Heating & Air Conditioning,(856) 325-9719,"3747 Church Rd UNIT 104, Mt Laurel Township, NJ 08054, USA",http://www.countonprice.com/,4.8,244,ChIJj-KQdOPLxokRM9ieVMxbtKc,TextSearch(New)+Details(New)
Ward Heating and Cooling,(856) 829-4985,"10 Broad St, Riverton, NJ 08077, USA",https://www.wardheatingandair.com/,4.9,102,ChIJkSQ4HKe1xokRYIuX-ieItEE,TextSearch(New)+Details(New)
"Fante's Home Services Heating, Cooling, Plumbing & Electrical",(609) 418-6845,"35 Charleston Rd, Willingboro, NJ 08046, USA",https://fantesphvac.com/?utm_source=google-gbp&utm_medium=organic&utm_campaign=*094*fantes-plumbing-willingboro,4.8,1575,ChIJcayAgHVMwYkRRrjQnkpSbEI,TextSearch(New)+Details(New)
Bovio Rubino Service,(856) 454-8925,"1255 Haddonfield-Berlin Rd, Voorhees Township, NJ 08043, USA",https://www.bovio-rubino.com/,4.8,1363,ChIJK7ttO6IywYkRMvphb4tsZU0,TextSearch(New)+Details(New)
All Sevice HVAC Pros,(856) 212-0787,"2145 NJ-38, Cherry Hill Township, NJ 08002, USA",,5,14,ChIJ__9bTp2qwIkRNUt91TpUrtM,TextSearch(New)+Details(New)
D. Burgo Plumbing & Heating Inc.,(856) 858-7858,"1026 Haddon Ave, Collingswood, NJ 08108, USA",https://dburgoplumbing.com/,4.9,414,ChIJ_76Tev3LxokRIDfKBmBYq1c,TextSearch(New)+Details(New)
Bob's Climate Control,(856) 228-9400,"7 Jones Ln, Sicklerville, NJ 08081, USA",https://bobsclimatecontrol.com/,5,84,ChIJDSluMobTxokRd-bBLmeE0ns,TextSearch(New)+Details(New)
"Fox Mechanical, LLC Heating & Air Conditioning",(856) 669-1092,"705 N Church St, Moorestown, NJ 08057, USA",https://www.hvacbyfox.com/,4.7,33,ChIJq6pejVQ1wYkRJmjJdu4E7Tk,TextSearch(New)+Details(New)
AirTemp Heating and Cooling Inc,(856) 718-2448,"47 Raintree Dr, Sicklerville, NJ 08081, USA",,5,17,ChIJZ0surhnSxokRYDTQy9YxHk0,TextSearch(New)+Details(New)
"Runnemede Plumbing, Heating, Cooling, and Electric",(856) 939-4299,"39 N Black Horse Pike, Runnemede, NJ 08078, USA",http://www.thebigredr.com/,4.5,64,ChIJQ46bhG3OxokRVbpJiGVL6Gc,TextSearch(New)+Details(New)
A&R Heating and Air Conditioning,(856) 429-3388,"303 Austin Ave, Barrington, NJ 08007, USA",https://www.arheatingandairconditioning.com/,3.4,15,ChIJN9jUfU3NxokRo96p_bgExBU,TextSearch(New)+Details(New)