name,phone,address,website,rating,reviews,place_id,source
"Dormann's Heating & Cooling, LLC",(856) 467-8500,"265 N Wolfert Station Rd, Mickleton, NJ 08056, USA",https://dormannsheatingandcooling.com/?utm_source=google-business-listing&utm_medium=organic&utm_campaign=website-button,4.9,426,ChIJ5TAF62rcxokR5tNiEocjjnU,TextSearch(New)+Details(New)
D’Auria & Son Heating and Air,(856) 257-1092,"26 Evergreen Ave, Blackwood, NJ 08012, USA",https://dauriahvac.com/,5,345,ChIJNWQaEDXTxokRkTa8gCYzAEE,TextSearch(New)+Details(New)
Campbell Comfort Systems,(856) 214-8018,"1049 Kings Hwy, West Deptford, NJ 08086, USA",https://www.campbellcomfortsystems.com/?utm_source=google&utm_medium=gbp&utm_campaign=HUT0101-WEB009-GBP&utm_crid=HUT0101_WEB009_205620843,4.8,814,ChIJK4oRCePaxokRpHzapLIMOLE,TextSearch(New)+Details(New)
"Maxie Heating & Cooling, LLC",(856) 423-1400,"175 W Cohawkin Rd, Clarksboro, NJ 08020, USA",https://www.maxieheating.com/,4.8,91,ChIJ37aiHXDbxokR6wvqta-bqZY,TextSearch(New)+Details(New)
J&J Mechanical Inc.,(856) 832-4576,"200 Grove Rd, Paulsboro, NJ 08066, USA",https://jjmechanicalinc.com/,5,717,ChIJT8JHg37cxokRckFi7-H4qO8,TextSearch(New)+Details(New)
SPS Mechanical Inc.,(856) 290-7318,"68 Paulsboro Rd #1, Woolwich Township, NJ 08085, USA",https://www.spsmechanical.com/?utm_source=gmb&utm_medium=organic,4.9,553,ChIJ-18H-WfexokRC96uy3f70Hs,TextSearch(New)+Details(New)
Air Dynamics HVAC Of South Jersey,(856) 503-8127,"29 Blue Jay Dr, Clementon, NJ 08021, USA",https://www.airdynamicshvacllc.com/,5,85,ChIJNcH-P-_TxokRGhGweT6JuyI,TextSearch(New)+Details(New)
"Harris Plumbing, Heating, Air & Electrical",(856) 666-3497,"38 Cooper St #204, Woodbury, NJ 08096, USA",http://callharrisnow.com/?utm_source=google&utm_medium=gbp-nj&se_campaign=GBP%20-%20South%20Jersey,4.9,9559,ChIJDQSsmf7PxokRQoTsw4i1sm4,TextSearch(New)+Details(New)
John's A-C & Heat,(856) 933-9300,"1369 Delsea Dr, Deptford, NJ 08096, USA",https://johnsac.com/,4.3,106,ChIJHZoIcbzKxokRLlMkUPp0apQ,TextSearch(New)+Details(New)
"Professor Gatsby's Heating, Cooling & Plumbing",(856) 315-0007,"498 Radix Rd, Williamstown, NJ 08094, USA",https://www.profgatsby.com/,5,915,ChIJa7MQiVbVxokRuP75XqGKjsU,TextSearch(New)+Details(New)
A.M. Botte Residential & Commercial HVAC & Plumbing,(856) 699-5872,"630 Delsea Dr, Sewell, NJ 08080, USA",https://ambotte.com/?utm_source=gbp&utm_medium=organic&utm_campaign=sewell_gbp,4.9,746,ChIJmRu2FiDJxokRqf14v1mE-Tk,TextSearch(New)+Details(New)
Instant Services,(856) 618-6781,"177 S Black Horse Pike, Blackwood, NJ 08012, USA",https://instantservices.com/?utm_source=google&utm_medium=organic&utm_campaign=GMBListing-Blackwood-NJ,4.9,85,ChIJqft8Mapc20ERhSD4GTckjxw,TextSearch(New)+Details(New)
"Professor Gatsby's Heating, Cooling & Plumbing",(856) 315-1651,"216 Cooper Rd, Berlin Township, NJ 08091, USA",http://www.profgatsby.com/,5,414,ChIJNxrDFnQzwYkR3VHRtmWJgUk,TextSearch(New)+Details(New)
"Jersey Boys Plumbing, Heating, and Air",(856) 619-7352,"630 W Broad St, Gibbstown, NJ 08027, USA",http://jerseyboysplumbing.com/?utm_source=gmb&utm_medium=organic,4.7,630,ChIJr0dmT_3cxokRlz-cJ6i72v8,TextSearch(New)+Details(New)
"Richard's Heating & Cooling, LLC",(856) 371-3853,"408 Temple Ave, Woodbury Heights, NJ 08097, USA",https://www.facebook.com/richardsheatingandcooling/,4.2,20,ChIJ5wb86JvaxokR2GD7Rz_fJzQ,TextSearch(New)+Details(New)
W. B. Steward & Son,(856) 845-9117,"513 Glassboro Rd, Woodbury Heights, NJ 08097, USA",https://wbstewardandson.com/,4.9,194,ChIJ-RuXbgnQxokRvcKpsuqqNr0,TextSearch(New)+Details(New)
"Advanced Air Heating & Cooling, Inc.",(856) 256-7700,"105 Hurffville-Grenloch Rd, Sewell, NJ 08080, USA",http://advancedairnj.com/,4.1,18,ChIJgdOIc9bQxokR5azoph1_EDE,TextSearch(New)+Details(New)
Instant Air LLC,(856) 401-7737,"1423 Jarvis Rd, Sicklerville, NJ 08081, USA",https://instant-air.com/,4.5,26,ChIJ4zby2h_TxokRF8OOQt4U7p0,TextSearch(New)+Details(New)
"JAMCO Heating & Air Conditioning, INC",(856) 597-3655,"1000 Delsea Dr bldg i-1, Deptford, NJ 08093, USA",http://www.jamcoheatingandair.com/?utm_source=google&utm_medium=organic&utm_campaign=GMBListing-Deptford-NJ,4.8,204,ChIJBTFnGIPJxokR_IB7w0ppmMg,TextSearch(New)+Details(New)
BOVIO RUBINO SERVICE,(856) 481-6636,"101 Summit Ave, Sicklerville, NJ 08081, USA",https://www.bovio-rubino.com/?utm_source=gmb&utm_medium=organic&utm_campaign=gmb_sicklerville,4.8,1655,ChIJkQEseGjUxokRYlIKIBjCXa4,TextSearch(New)+Details(New)
H & H Heating and Air Conditioning Inc.,(610) 532-8744,"3 Industrial Hwy, Essington, PA 19029, USA",https://www.delcohvac.com/?utm_source=Google&utm_medium=Organic&utm_campaign=GMB,4.9,1927,ChIJJ1vSDtrCxokR7UCzsEStRNk,TextSearch(New)+Details(New)
Best Heating and Air Mechanical Contractors LLC,(856) 374-9040,"317 Myrtle Ave, Turnersville, NJ 08012, USA",http://www.mcbestheatingandair.com/,4.9,58,ChIJA-YBhRnTxokRdCPCu8vi3QU,TextSearch(New)+Details(New)
Eugene Adams Heating And Air Conditioning,(856) 228-4363,"563 Berlin - Cross Keys Rd Unit B, Sicklerville, NJ 08081, USA",https://eugeneadams.com/,4.4,55,ChIJvw6YurjRxokRLku7UFjntto,TextSearch(New)+Details(New)
Ambient Comfort,(856) 213-6586,"1790 Gallagher Dr, Vineland, NJ 08360, USA",https://www.ambientcomfortnj.com/,4.9,1004,ChIJa7FMwIQtx4kRumadKrkM5BY,TextSearch(New)+Details(New)
"LMS Heating, Ventilation, Air Conditioning and Refrigeration",(856) 906-8626,"76 Annapolis Dr, Sicklerville, NJ 08081, USA",,5,24,ChIJRUJf15CA_o4R7HEI1WkkNY0,TextSearch(New)+Details(New)
JMS Heating and Cooling,(609) 685-8773,"931 N Main St, Glassboro, NJ 08028, USA",,5,2,ChIJHw3QfAXXxokRy5W-34c3PnY,TextSearch(New)+Details(New)
"CBM Heating & Air Conditioning, LLC",(856) 767-0422,"37 Haddon Ave, West Berlin, NJ 08091, USA",https://www.cbmheatingandair.com/,4.9,334,ChIJ12azNWQtwYkRQoiufECkL1c,TextSearch(New)+Details(New)
G&G Mechanical contractors inc.,(856) 931-9231,"765 Devenney Dr, Bellmawr, NJ 08031, USA",http://gandgmechanical.com/,5,36,ChIJn_-7fKvPxokRW3uhBOGjoWQ,TextSearch(New)+Details(New)
OES Mechanical LLC,(609) 970-3608,"313 S Black Horse Pike, Blackwood, NJ 08012, USA",,5,13,ChIJ-QJVt7TRxokRwLKCNlCHqj0,TextSearch(New)+Details(New)
Robert De Angelo Heating & Air Conditioning,(856) 383-8895,"601 Canterbury Ave, Pitman, NJ 08071, USA",http://www.deangeloheatingandairconditioning.com/,4.1,14,ChIJZXhR56HXxokRaiY6NFzZm3E,TextSearch(New)+Details(New)
Bob's Climate Control,(856) 228-9400,"7 Jones Ln, Sicklerville, NJ 08081, USA",https://bobsclimatecontrol.com/,5,84,ChIJDSluMobTxokRd-bBLmeE0ns,TextSearch(New)+Details(New)
Craig's Heating & Cooling LLC,(856) 848-5499,"688 Tanyard Rd, Woodbury, NJ 08096, USA",http://craigsheatingandcoolingllc.com/,4.8,16,ChIJwegHNBDQxokRqk3YhAzW2Lo,TextSearch(New)+Details(New)
Focus HVAC,(856) 344-2027,"7 Pennsylvania Ave, Stratford, NJ 08084, USA",http://www.focus-hvac.com/,4.9,346,ChIJNYkQ0ITNxokRtxkJNundBXU,TextSearch(New)+Details(New)
"Jersey Boys Plumbing, Heating, and Air",(856) 888-4695,"227 S White Horse Pike, Audubon, NJ 08106, USA",https://jerseyboysplumbing.com/service-area/audubon/,4.8,437,ChIJp57phSHPxokRuHIwWEsQsUM,TextSearch(New)+Details(New)
Breylin Heating & Air Conditioning,(856) 718-2786,"6 Andrews Ct, Berlin, NJ 08009, USA",https://www.breylinhvac.com/?utm_source=google&utm_medium=organic&utm_campaign=gmb_profile,5,53,ChIJc0NNBSwz5GgRM2nEWoOypXw,TextSearch(New)+Details(New)
AirTemp Heating and Cooling Inc,(856) 718-2448,"47 Raintree Dr, Sicklerville, NJ 08081, USA",,5,17,ChIJZ0surhnSxokRYDTQy9YxHk0,TextSearch(New)+Details(New)
"General Service Mechanical, LLC Air Conditioning & Heating",(856) 718-7878,"Aura Rd, Glassboro, NJ 08028, USA",https://gsmmechanical.org/,5,10,ChIJ9-Gp5j_XxokRWIiGDZD1Ito,TextSearch(New)+Details(New)
Cardwell HVAC & Plumbing,(856) 259-4860,"603 Kresson Rd #11, Cherry Hill Township, NJ 08034, USA",https://www.cardwellhvacnj.com/,4.9,1079,ChIJgbu-WxzMxokRj3EEbXiMzug,TextSearch(New)+Details(New)
CarrFord Heating & Air Conditioning,(856) 627-0815,"624 Clements Bridge Rd, Barrington, NJ 08007, USA",https://carrford.com/,4.6,27,ChIJmyAyuizMxokRBYj0UGbdcaQ,TextSearch(New)+Details(New)
E Carr Heating & Cooling,(856) 546-0172,"1321 Keswick Ave, Haddon Heights, NJ 08035, USA",,5,1,ChIJOa1T5pzOxokRYzHiCDTo_no,TextSearch(New)+Details(New)
Heating And Air Conditioning,(856) 280-0470,"222 Bridgeton Pike, Mantua Township, NJ 08051, USA",,4.6,7,ChIJ-SW0KSa5w4kRcpcC963SGU4,TextSearch(New)+Details(New)
Vaughan Comfort Services,(856) 627-0303,"212 Barrett Ave, Magnolia, NJ 08049, USA",https://www.vaughanhvac.com/?utm_source=google&utm_medium=organic&utm_campaign=gmb-listing,4.9,1141,ChIJXak097PNxokRK3C1NCRx_Sg,TextSearch(New)+Details(New)
Friedrich Heating & Air Conditioning,(856) 589-0559,"2015 Glassboro - Cross Keys Rd, Williamstown, NJ 08094, USA",http://friedrichheatingandac.com/,4.9,114,ChIJ3SrsRUTUxokRGNkPf3WXsYw,TextSearch(New)+Details(New)
South Jersey Energy Service Plus,(800) 324-1049,"420 N 2nd Rd Unit 1, Hammonton, NJ 08037, USA",https://www.homeservesj.com/?utm_source=GBP&utm_medium=organic&utm_campaign=GBP-website,4.8,957,ChIJLRnXVMzXwIkRGsw8IOyj7YI,TextSearch(New)+Details(New)
"Anyzek Plumbing, Heating & Cooling",(856) 475-6832,"916 Market St, Gloucester City, NJ 08030, USA",https://www.anyzek.com/?utm_source=gmb&utm_medium=organic&utm_campaign=uberall,4.7,426,ChIJsQTlAhnPxokRKYSP1aIomk0,TextSearch(New)+Details(New)
Johnny's Automatic Heating and AC,(856) 464-1145,"1932 Delsea Dr, Sewell, NJ 08080, USA",,5,4,ChIJu3ZzHFrQxokRuh9CJ6FWkoI,TextSearch(New)+Details(New)
ClimateChoreographer Systems,(856) 315-8538,"400 Arline Ave, Deptford, NJ 08096, USA",,3.7,3,ChIJKx4qklPOxokRX3ldhF4mnpU,TextSearch(New)+Details(New)
Laury Heating Cooling & Plumbing,(856) 208-6804,"511 E Plum St, Vineland, NJ 08360, USA",https://lauryheating.com/,4.9,2126,ChIJJVh1vHoyx4kRMBG98c-L_DE,TextSearch(New)+Details(New)
Accu Service LLC,(856) 881-6212,"826 N Delsea Dr, Clayton, NJ 08312, USA",http://www.accuservicehvac.com/,5,12,ChIJsSWcRtgpx4kRNyMNU0oHrTs,TextSearch(New)+Details(New)
AirTek Solutions,(856) 553-3727,"325 New Castle Ln, Swedesboro, NJ 08085, USA",https://airtek-solutions.com/,5,4,ChIJ7ee9rnPzSQERpKfoQJgFGZk,TextSearch(New)+Details(New)
"EnviroSafe Plumbing, Heating, Air Conditioning, Water Treatment",(856) 865-3730,"331 Husted Station Rd, Pittsgrove, NJ 08318, USA",https://www.envirosafeusa.com/?utm_source=google&utm_medium=organic&utm_campaign=GMBListing-Pittsgrove-NJ,4.9,960,ChIJFa_rVj8lx4kRW2afpRezIig,TextSearch(New)+Details(New)
Lamb Heating & Air Conditioning,(856) 217-4920,"1010 Rose Ave Unit D, Runnemede, NJ 08078, USA",https://lambhvac.com/?cid=glbc&utm_source=google&utm_medium=organic&utm,4.3,13,ChIJe178uZzPxokRQ47zqvghJIo,TextSearch(New)+Details(New)
Enright & Sons,(856) 227-2122,"117 Delsea Dr, Sewell, NJ 08080, USA",http://www.enrightandsons.net/,4.5,26,ChIJQcjdeQPRxokRMm2433yQlJQ,TextSearch(New)+Details(New)
NextGen Heating and Air Conditioning,(267) 347-2657,"2435 S Bancroft St, Philadelphia, PA 19145, USA",https://www.nextgenhvac.co/,4.9,155,ChIJq4f8z0rFxokRRVMPPFXaW9A,TextSearch(New)+Details(New)
All American Air,(856) 981-9990,"1006 Elmwood Ave, Blackwood, NJ 08012, USA",,4.5,8,ChIJYWTRkwzTxokRHXdcubHI9vY,TextSearch(New)+Details(New)
Atmostemp Service Experts,(856) 783-6600,"215 Old Egg Harbor Rd Ste B, West Berlin, NJ 08091, USA",https://www.atmostempheating.com/?utm_source=google-business-profile&utm_medium=organic&utm_campaign=business-listing&utm_content=atmostemp,4.9,1377,ChIJKwPUJ1ktwYkRKL5opoxv3Do,TextSearch(New)+Details(New)
"A-TEAM Heating & Air Conditioning, LLC",(856) 358-1004,"Area, 522 Burlington Rd, Elmer, NJ 08318, USA",http://ateamhvacnj.com/,4.8,6,ChIJh9R_vgolx4kRRePph1WcdA0,TextSearch(New)+Details(New)
Comfortworks Cooling and Heating,(800) 649-7669,"154 Cooper Rd STE 403, West Berlin, NJ 08091, USA",https://comfortworksllc.com/,4.9,106,ChIJEyl4SH4twYkRpM8Pj0sdReI,TextSearch(New)+Details(New)
Alpha Mechanical Heating and Cooling,(609) 332-2900,"142 Tom Wells Rd, Berlin, NJ 08009, USA",http://www.myalphamechanical.com/,5,207,ChIJS2af_4pNwYkRBwtDxuOZ10w,TextSearch(New)+Details(New)
"Runnemede Plumbing, Heating, Cooling, and Electric",(856) 939-4299,"39 N Black Horse Pike, Runnemede, NJ 08078, USA",http://www.thebigredr.com/,4.5,64,ChIJQ46bhG3OxokRVbpJiGVL6Gc,TextSearch(New)+Details(New)